project,first_name,last_name
Aerified,Olwen,Andreou
Aerified,Nance,Anton
Aerified,Balduin,August
Aerified,Curran,Benbough
Aerified,Lotti,Biford
Aerified,Gilles,Binden
Aerified,Korie,Bowhey
Aerified,Bonnie,Brea
Aerified,Amanda,Busfield
Aerified,Tilda,Buxton
Aerified,Flore,Capps
Aerified,Tiffani,Chittim
Aerified,Tabbie,Clemmens
Aerified,Anetta,Cumberbatch
Aerified,Fionnula,Daouze
Aerified,Tedd,Dikes
Aerified,Luce,Donaway
Aerified,Temple,Ducker
Aerified,Lindsy,Dumphry
Aerified,Boy,East
Aerified,Noel,Edbrooke
Aerified,Bella,Faithorn
Aerified,Heloise,Ferre
Aerified,Kat,Flintiff
Aerified,Kent,Foynes
Aerified,Lanette,Frye
Aerified,Adair,Godfrey
Aerified,Jenny,Guido
Aerified,Kristian,Hairsnape
Aerified,Nelia,Harmstone
Aerified,Celia,Headon
Aerified,Basilio,Heigl
Aerified,Orrin,Hendrix
Aerified,Carmen,Hun
Aerified,Dominique,Josifovic
Aerified,Jake,Kantor
Aerified,Willetta,Klimczak
Aerified,Angel,Lampart
Aerified,Blane,Laxson
Aerified,Martica,Magowan
Aerified,Menard,Mephan
Aerified,Nicky,Obern
Aerified,Paolo,Olive
Aerified,Ainslee,Onyon
Aerified,Correna,Oxtoby
Aerified,Nell,Pancoust
Aerified,Shell,Pee
Aerified,Samara,Pettisall
Aerified,Ermengarde,Pock
Aerified,Nanon,Pourveer
Aerified,Tye,Rennels
Aerified,Thornie,Rosendale
Aerified,Mirabel,Santoro
Aerified,Carmencita,Scading
Aerified,Thayne,Scullion
Aerified,North,Sellek
Aerified,Nicholle,Shill
Aerified,Monika,Shreeve
Aerified,Crin,Skryne
Aerified,Blondelle,Tebbs
Aerified,Buddy,Thomasson
Aerified,Leigh,Threadgould
Aerified,Ernestine,Toffler
Aerified,Michaelina,Trumble
Aerified,Dorian,Trundell
Aerified,Roderich,Vanyashin
Aerified,Amalle,Witcombe
Aerified,Rachel,Zammett
Biodex,Aliza,Alred
Biodex,Gretna,Baybutt
Biodex,Riane,Bestar
Biodex,Dwain,Brabham
Biodex,Cecil,Brigg
Biodex,Corbie,Caizley
Biodex,Freddi,Carse
Biodex,Elbertine,Castelin
Biodex,Erinn,Coast
Biodex,Lisa,Conigsby
Biodex,Kare,Coulthurst
Biodex,Maxie,Cowpe
Biodex,Kania,Crawforth
Biodex,Mortie,Deftie
Biodex,Shep,Dell Casa
Biodex,Dee dee,Denison
Biodex,Katine,Eacott
Biodex,Pansie,Edgcumbe
Biodex,Hermie,Feavers
Biodex,Nat,Franceschelli
Biodex,Artemis,Garland
Biodex,Lin,Gilligan
Biodex,Giavani,Girardin
Biodex,Guillaume,Goldster
Biodex,Annabelle,Hallen
Biodex,Emily,Hallows
Biodex,Markos,Hardern
Biodex,Stirling,Havill
Biodex,Nadiya,Heiss
Biodex,Troy,Hiseman
Biodex,Philbert,Horribine
Biodex,Robby,Ivatt
Biodex,Kylie,Jacobson
Biodex,Nap,Kenningley
Biodex,Allsun,Ketchen
Biodex,Domenic,Klasing
Biodex,Noe,Kleinmintz
Biodex,Karen,Klimkowski
Biodex,Raf,Kopp
Biodex,Querida,Lidgey
Biodex,Cynthy,Ludlom
Biodex,Hailee,MacKimmie
Biodex,Dulcy,McIlwain
Biodex,Ansley,Mechan
Biodex,Mildrid,Morford
Biodex,Iolanthe,Mussolini
Biodex,Bone,Nassy
Biodex,Idell,O'Carrol
Biodex,Vassili,O'Crowley
Biodex,Thibaut,Oldacres
Biodex,Ezri,Oldridge
Biodex,Huntley,Phillpotts
Biodex,Garnette,Pipe
Biodex,Genny,Puxley
Biodex,Karin,Rabidge
Biodex,Osbourne,Ramelot
Biodex,Henrie,Rigardeau
Biodex,Andeee,Robinet
Biodex,Niki,Ruddy
Biodex,Tabbie,Rudolfer
Biodex,Fran,Sainte Paul
Biodex,Che,Sciusscietto
Biodex,Veronique,Shepheard
Biodex,Boyd,Shorter
Biodex,Addy,Stevens
Biodex,Darn,Tarren
Biodex,Cordey,Tommen
Biodex,Mil,Torbeck
Biodex,Devi,Van Daalen
Biodex,Hedwiga,Wardall
Biodex,Lem,Wellwood
Biodex,Faina,Wheelan
Biodex,Abbot,Widdows
Biodex,Natala,Wilcott
Biodex,Zorina,Wogan
Biodex,Gherardo,Yelland
Cardguard,Sarene,Baude
Cardguard,Mickie,Bausor
Cardguard,Kai,Bodimeade
Cardguard,Seward,Bonder
Cardguard,Andris,Bowser
Cardguard,Minerva,Brehault
Cardguard,Rees,Breston
Cardguard,Shellie,Brettel
Cardguard,Aldus,Brodeur
Cardguard,Lucienne,Bromet
Cardguard,Moise,Carty
Cardguard,Camellia,Charkham
Cardguard,Zachary,Clynter
Cardguard,Earlie,Coleshill
Cardguard,Marlyn,Crane
Cardguard,Aymer,Dyball
Cardguard,Raddy,Dymond
Cardguard,Linzy,Episcopio
Cardguard,Paulina,Ewebank
Cardguard,Carolyne,Fend
Cardguard,Melany,Garroch
Cardguard,Saudra,Gerauld
Cardguard,Rafaellle,Goadby
Cardguard,Ilyse,Hamley
Cardguard,Gusta,Howel
Cardguard,Glynis,Kerrich
Cardguard,Reinaldos,Keysall
Cardguard,Twyla,Lindores
Cardguard,Lindi,Linnitt
Cardguard,Bambi,Lishman
Cardguard,Dru,Loosemore
Cardguard,Mag,McDermott-Row
Cardguard,Malissia,McNiven
Cardguard,Madel,Niset
Cardguard,Maryrose,O'Hannigan
Cardguard,Cole,Peerless
Cardguard,Wren,Revan
Cardguard,Brigham,Ring
Cardguard,Timofei,Rishbrook
Cardguard,Nico,Ruprecht
Cardguard,Ryley,Saffrin
Cardguard,Chandler,Silmon
Cardguard,Neall,Smallpeice
Cardguard,Galven,Sneesby
Cardguard,Johnathan,Stokell
Cardguard,Lisetta,Symington
Cardguard,Francisco,Tattersdill
Cardguard,Yvette,Uccelli
Cardguard,Shayne,Valenti
Cardguard,Andris,Willder
Cardguard,Del,Zelner
Fixflex,Nananne,Adacot
Fixflex,Jillayne,Apted
Fixflex,Kylen,Assaf
Fixflex,Joy,Beamson
Fixflex,Elka,Beeken
Fixflex,Abigael,Beneze
Fixflex,Massimo,Bilbrook
Fixflex,Siward,Boshere
Fixflex,Worth,Bowstead
Fixflex,Becca,Briggdale
Fixflex,Harold,Burd
Fixflex,Michale,Cess
Fixflex,Dew,Cleever
Fixflex,Dahlia,Crosher
Fixflex,Sandye,Cussons
Fixflex,Iosep,Daintith
Fixflex,Hillyer,Dashper
Fixflex,Melvin,Davidwitz
Fixflex,Sherye,Dayborne
Fixflex,Aline,Dowda
Fixflex,Ethelbert,Enion
Fixflex,Reeba,Esch
Fixflex,Chancey,Fardell
Fixflex,Renate,Foot
Fixflex,Johnnie,Forryan
Fixflex,Aaron,Gamblin
Fixflex,Milicent,Garling
Fixflex,Hildagard,Girardi
Fixflex,Winifred,Graeber
Fixflex,Augusto,Griffiths
Fixflex,Ric,Gyurkovics
Fixflex,Demeter,Hague
Fixflex,Elmo,Hawtin
Fixflex,Libby,Hemshall
Fixflex,Farrel,Hymas
Fixflex,Alyse,Iglesiaz
Fixflex,Debi,Jessep
Fixflex,Carolee,Joynt
Fixflex,Jenilee,Jurick
Fixflex,Malinde,Kleinhausen
Fixflex,Sheryl,Kobera
Fixflex,Vinny,Koles
Fixflex,Farleigh,Mailes
Fixflex,Woodie,Marklin
Fixflex,Eryn,Marquot
Fixflex,Birgitta,McElhinney
Fixflex,Courtnay,McLinden
Fixflex,Gardner,Mellody
Fixflex,Eldin,Moseley
Fixflex,Ardra,Naire
Fixflex,Laura,Nixon
Fixflex,Kristin,O'Lunney
Fixflex,Luis,Palumbo
Fixflex,Beilul,Paoloni
Fixflex,Angie,Penylton
Fixflex,Genovera,Pepper
Fixflex,Gracia,Petegre
Fixflex,Arliene,Radeliffe
Fixflex,Lauralee,Revell
Fixflex,Douglass,Rickis
Fixflex,Luelle,Rickword
Fixflex,Yurik,Ritter
Fixflex,Kassandra,Rosenwald
Fixflex,Clotilda,Rupel
Fixflex,Justen,Sagerson
Fixflex,Jeddy,Saulter
Fixflex,Beatrisa,Silliman
Fixflex,Kori,Stiff
Fixflex,Carmella,Storr
Fixflex,Kris,Sugarman
Fixflex,Tremayne,Threadgill
Fixflex,Bendick,Tims
Fixflex,Marcella,Tofpik
Fixflex,Kearney,Toleman
Fixflex,Anestassia,Tunkin
Fixflex,Kelcy,Warren
Fixflex,Bruno,Weild
Fixflex,Hermy,Wenzel
Fixflex,Cynthy,Whitsey
Fixflex,Inigo,Wilmore
Fixflex,Kathleen,Wilsdon
Fixflex,Chelsae,Woodhead
Matsoft,Winnie,Absolem
Matsoft,Kristin,Adds
Matsoft,Edyth,Aggs
Matsoft,Roselle,Algore
Matsoft,Ertha,Alston
Matsoft,Gilbertine,Antonutti
Matsoft,Laney,Aylwin
Matsoft,Catha,Bannester
Matsoft,Jacenta,Barkley
Matsoft,Milena,Barrass
Matsoft,Maurita,Beckitt
Matsoft,Herschel,Bern
Matsoft,Rafa,Birtwell
Matsoft,Remus,Blabey
Matsoft,Kelly,Blackshaw
Matsoft,Felicdad,Blatherwick
Matsoft,Brander,Blazek
Matsoft,Tyne,Bloomer
Matsoft,Dehlia,Bock
Matsoft,Maison,Boffin
Matsoft,Tillie,Breed
Matsoft,Curt,Brettle
Matsoft,Wallace,Brittan
Matsoft,Athene,Bunce
Matsoft,Nolly,Burbank
Matsoft,Lucius,Burrows
Matsoft,Con,Camin
Matsoft,Rogerio,Canero
Matsoft,Othella,Cathery
Matsoft,Rochella,Cathrall
Matsoft,Lorraine,Chadburn
Matsoft,Caryn,Chadwen
Matsoft,Nero,Checo
Matsoft,Isabeau,Chesters
Matsoft,Ulrick,Children
Matsoft,Cale,Cockayne
Matsoft,Archibaldo,Comberbeach
Matsoft,Norby,Correa
Matsoft,Patsy,Cowlard
Matsoft,Neysa,Deesly
Matsoft,Gilbertine,Dennerley
Matsoft,Juieta,Dewitt
Matsoft,Florinda,Dexter
Matsoft,Eimile,Dey
Matsoft,Amelita,Dimnage
Matsoft,Hayward,Dowbiggin
Matsoft,Everard,Dungey
Matsoft,Berny,Edridge
Matsoft,Law,Elloit
Matsoft,Owen,Enston
Matsoft,Jasmina,Errichelli
Matsoft,Edik,Escalero
Matsoft,Minor,Evitt
Matsoft,Lynn,Fakeley
Matsoft,Evin,Fallawe
Matsoft,Saloma,Faltskog
Matsoft,Lilly,Faughny
Matsoft,Nicol,Featonby
Matsoft,Elena,Feldhammer
Matsoft,Mackenzie,Flarity
Matsoft,Joyann,Flaxon
Matsoft,Brendin,Fleckney
Matsoft,Alvira,Fouch
Matsoft,Clare,Fritschel
Matsoft,Aubree,Fulger
Matsoft,Frasier,Gages
Matsoft,Alejandrina,Gaishson
Matsoft,Deeanne,Gavan
Matsoft,Dru,Gay
Matsoft,Tanitansy,Geer
Matsoft,Francisco,Germann
Matsoft,Rebbecca,Giannini
Matsoft,Haslett,Gilbard
Matsoft,Joli,Gimber
Matsoft,Libbi,Ginsie
Matsoft,Lorena,Giraudel
Matsoft,Ashlie,Glazyer
Matsoft,Gearard,Godar
Matsoft,Janene,Gonzalez
Matsoft,Desmund,Gozzard
Matsoft,Bert,Greaterex
Matsoft,Alvera,Grisedale
Matsoft,Ferd,Gumme
Matsoft,Renato,Guthrie
Matsoft,Giuseppe,Halegarth
Matsoft,Mehetabel,Hanaford
Matsoft,Queenie,Hannay
Matsoft,Bradan,Harpham
Matsoft,Belvia,Harrowsmith
Matsoft,Oby,Hartles
Matsoft,Frederic,Hawtin
Matsoft,Cristabel,Hazlehurst
Matsoft,Sonnnie,Heditch
Matsoft,Felicle,Hiorn
Matsoft,Dermot,Horche
Matsoft,Selle,Horlick
Matsoft,Sancho,Hutsby
Matsoft,Walther,Huyhton
Matsoft,Putnem,Iacopini
Matsoft,Marne,Itzkin
Matsoft,Leola,Jachimak
Matsoft,Belle,Jagg
Matsoft,Raquela,Jarry
Matsoft,Tanya,Jays
Matsoft,Evangelin,Jeayes
Matsoft,Izaak,Jickles
Matsoft,Mylo,Joisce
Matsoft,Hermine,Kalkofer
Matsoft,Clem,Ketch
Matsoft,Pryce,Klemz
Matsoft,Doti,Knightley
Matsoft,Justus,Kubala
Matsoft,Gabriel,Landy
Matsoft,Liuka,Lapides
Matsoft,Gabriele,Le Provost
Matsoft,Scottie,Leale
Matsoft,Thadeus,Leed
Matsoft,Florri,Lemonnier
Matsoft,Dennie,Lepard
Matsoft,Rodi,Lesser
Matsoft,Bart,Loble
Matsoft,Hyacinthie,Lydon
Matsoft,Sibylle,Maffioletti
Matsoft,Britteny,Massenhove
Matsoft,Ginelle,Mayho
Matsoft,Melitta,McGarahan
Matsoft,Merilee,McNaughton
Matsoft,Raleigh,McReath
Matsoft,Cass,Measor
Matsoft,Sergeant,Mellanby
Matsoft,Evangelia,Middlebrook
Matsoft,Lotta,Morhall
Matsoft,Andria,Noddle
Matsoft,Darin,Norvel
Matsoft,Frannie,Odgers
Matsoft,Everard,Panchin
Matsoft,Bran,Paynter
Matsoft,Brodie,Pembery
Matsoft,Janean,Philimore
Matsoft,Meghan,Picheford
Matsoft,Channa,Pidler
Matsoft,Silvan,Piner
Matsoft,Fletcher,Prescot
Matsoft,Evin,Pulbrook
Matsoft,Kerrin,Quickfall
Matsoft,Clifford,Raulstone
Matsoft,Kennan,Rayment
Matsoft,Seward,Renard
Matsoft,Thomasa,Rens
Matsoft,Millard,Reubel
Matsoft,Murielle,Rikard
Matsoft,Doria,Roden
Matsoft,Danny,Roskell
Matsoft,Delbert,Rotherforth
Matsoft,Saraann,Rubinshtein
Matsoft,Stanfield,Sadgrove
Matsoft,Samantha,Sayward
Matsoft,Borg,Schellig
Matsoft,Junette,Schurig
Matsoft,Twila,Scrogges
Matsoft,Penn,Secret
Matsoft,Jacklyn,Smalles
Matsoft,Lesly,Smogur
Matsoft,Loutitia,Sorrill
Matsoft,Vasilis,Spini
Matsoft,Sascha,Spratley
Matsoft,Nickolaus,Spyer
Matsoft,Chrystal,Stanmer
Matsoft,Jeno,Steagall
Matsoft,Jethro,Stigell
Matsoft,Rubia,Stronough
Matsoft,Brande,Surgen
Matsoft,Waylin,Sweetman
Matsoft,Mei,Syne
Matsoft,Malchy,Tabard
Matsoft,Kippy,Tanslie
Matsoft,Marmaduke,Thal
Matsoft,Gerrie,Tousy
Matsoft,Marcello,Tout
Matsoft,Shelba,Tramel
Matsoft,Wilbert,Trickett
Matsoft,Amara,Tunno
Matsoft,Arley,Ulyat
Matsoft,Reggie,Van Vuuren
Matsoft,Mel,Vasyukov
Matsoft,Aida,Vickers
Matsoft,Gunilla,Vinson
Matsoft,Mill,Vuittet
Matsoft,Kizzee,Wann
Matsoft,Elsinore,Wellbeloved
Matsoft,Hobey,Welton
Matsoft,Brewster,Whittall
Matsoft,Vera,Wilding
Matsoft,Jacynth,Wink
Matsoft,Inness,Winmill
Matsoft,Raphael,Witcombe
Matsoft,Aldin,Wolffers
Matsoft,Herve,Wykes
Matsoft,Newton,Yakov
Regrant,Arleyne,Anders
Regrant,Nelly,Antoons
Regrant,Allyn,Arghent
Regrant,Isac,Aronowitz
Regrant,Alyss,Aysh
Regrant,Cristiano,Baish
Regrant,Marji,Bampkin
Regrant,Des,Barents
Regrant,Myrtice,Baythorp
Regrant,Carita,Bortolomei
Regrant,Ericka,Boutwell
Regrant,Ruthi,Boyne
Regrant,Trumaine,Brenstuhl
Regrant,Clea,Bulch
Regrant,Agnes,Burdekin
Regrant,Shem,Burkett
Regrant,Alva,Casari
Regrant,Olly,Cayford
Regrant,Pegeen,Charon
Regrant,Terri,Cocozza
Regrant,Miguelita,Columbell
Regrant,Constanta,Cree
Regrant,Scott,Croisdall
Regrant,Daryl,Degli Antoni
Regrant,Lydia,Denisevich
Regrant,Nevins,Domnin
Regrant,Tony,Drance
Regrant,Carmine,Duddell
Regrant,Ilsa,Dudin
Regrant,Maisey,Egle
Regrant,Angel,Fagan
Regrant,Kerr,Feast
Regrant,Ardisj,Felton
Regrant,Samaria,Ferencowicz
Regrant,Ellswerth,Ferry
Regrant,Angil,Filchagin
Regrant,Dorena,Fishleigh
Regrant,Libbie,Frodsham
Regrant,Jens,Frude
Regrant,Brod,Gajownik
Regrant,Yvor,Gallyhaock
Regrant,Deana,Garatty
Regrant,Bridie,Gethouse
Regrant,Everett,Glaves
Regrant,Osmund,Guillerman
Regrant,Fredrick,Gunning
Regrant,Aloisia,Hamlen
Regrant,Torrance,Hecks
Regrant,Vernor,Hurton
Regrant,Bren,Hutchinson
Regrant,Theodora,Jedrasik
Regrant,Tye,Jerratsch
Regrant,Zachary,Johananov
Regrant,Lonnie,Keetley
Regrant,Bronny,Kennard
Regrant,Andra,Kilgallon
Regrant,Darcie,Klampt
Regrant,Sile,Krabbe
Regrant,Matti,Ladewig
Regrant,Brandy,Lechelle
Regrant,Tanney,Leefe
Regrant,Walsh,Mabbs
Regrant,Nolie,MacCaffrey
Regrant,Carleton,MacGregor
Regrant,Orrin,Mainwaring
Regrant,Alexander,Marie
Regrant,Gretel,Markova
Regrant,Ruthy,Marven
Regrant,Davine,Mattheissen
Regrant,Alaine,Maundrell
Regrant,Jillana,McAmish
Regrant,Yetty,McCoid
Regrant,Aubrie,McGiffin
Regrant,Burg,McGuirk
Regrant,Dennie,Melwall
Regrant,Brina,Minghetti
Regrant,Stacie,Mundall
Regrant,Rollins,Musgrave
Regrant,Mufinella,Neggrini
Regrant,Silvanus,Parade
Regrant,Glory,Pavlik
Regrant,Nerta,Pearl
Regrant,Malissa,Peasey
Regrant,Nolie,Peet
Regrant,Benni,Petett
Regrant,Hayward,Polsin
Regrant,Nikaniki,Putten
Regrant,Harwell,Rayhill
Regrant,Marion,Reasun
Regrant,Ola,Reignolds
Regrant,Torry,Remon
Regrant,Alaster,Rubes
Regrant,Cathy,Ruzicka
Regrant,Ritchie,Sanderson
Regrant,Stillman,Serrier
Regrant,Yehudit,Serris
Regrant,Sibyl,Shirer
Regrant,Hubie,Simeoni
Regrant,Lucila,Simmance
Regrant,Hakim,Siney
Regrant,Elnore,Sivier
Regrant,Katti,Stearns
Regrant,Jessie,Stone Fewings
Regrant,Stephani,Stubbin
Regrant,Gar,Surman
Regrant,Darill,Sutliff
Regrant,Aldus,Swynley
Regrant,Tamarra,Taunton.
Regrant,Sheridan,Thoresbie
Regrant,Halimeda,Thunderchief
Regrant,Pepito,Tomisch
Regrant,Catherina,Tout
Regrant,Keely,Treuge
Regrant,Reade,Troubridge
Regrant,Rikki,Vanni
Regrant,Marnie,Vaudrey
Regrant,Berry,Venditto
Regrant,Mortimer,Vesty
Regrant,Salmon,Waite
Regrant,Aubrette,Wakeling
Regrant,Leonanie,Wallace
Regrant,Griff,Wedgwood
Regrant,Valentijn,Wenzel
Regrant,Fairleigh,Westnage
Regrant,Palmer,Whitcombe
Regrant,Helaina,Wringe
Regrant,Cosette,Yendall
Regrant,Goldarina,Yurocjhin
Sonair,Truda,Abell
Sonair,Albina,Acum
Sonair,Cesaro,Agg
Sonair,Devy,Alasdair
Sonair,Augustin,Alcock
Sonair,Blanch,Andell
Sonair,Robinia,Andrick
Sonair,Benton,Andrzejak
Sonair,Fayina,Antrim
Sonair,Joseito,Asser
Sonair,Donall,Baile
Sonair,Baily,Balcon
Sonair,Jere,Balfe
Sonair,Wilfrid,Barles
Sonair,Morten,Bartocci
Sonair,Lenore,Bartolomucci
Sonair,Aubrey,Basillon
Sonair,Garrett,Beebis
Sonair,Rourke,Bellenger
Sonair,Delmore,Beltzner
Sonair,Quintana,Belverstone
Sonair,Marilin,Bergstram
Sonair,Vaughan,Billam
Sonair,Berrie,Bloggett
Sonair,Idette,Bompas
Sonair,Chadwick,Bonnaire
Sonair,Sanford,Botler
Sonair,Brynn,Braithwaite
Sonair,Doria,Brandone
Sonair,Greta,Braundt
Sonair,Malynda,Brill
Sonair,Devlin,Brook
Sonair,Dagmar,Brudenell
Sonair,Rhys,Budget
Sonair,Miguela,Bullick
Sonair,Pacorro,Burth
Sonair,Suzanna,Butten
Sonair,Kingston,Ca
Sonair,Kara-lynn,Chalkly
Sonair,Anett,Chason
Sonair,Bibby,Cleary
Sonair,Tera,Cleatherow
Sonair,Billy,Clewlowe
Sonair,Karol,Coatts
Sonair,Willabella,Colchett
Sonair,Melva,Coneau
Sonair,Isidora,Conkie
Sonair,Lina,Cornick
Sonair,Helge,Cornil
Sonair,Wilbur,Cottill
Sonair,Simonne,Crangle
Sonair,Estelle,Crees
Sonair,Willyt,Crick
Sonair,Carolan,Croix
Sonair,Oralia,Cund
Sonair,Martha,Danielou
Sonair,Iorgo,Di Roberto
Sonair,Elva,Divers
Sonair,Riordan,Dmitrichenko
Sonair,Shelton,Doggart
Sonair,Darla,Doleman
Sonair,Twyla,Domelow
Sonair,Moore,Dziwisz
Sonair,Lizzie,Eccleshall
Sonair,Duane,Edds
Sonair,Gareth,Eldredge
Sonair,Zorah,Fake
Sonair,Neils,Fanner
Sonair,Terrence,Felix
Sonair,Amalie,Fernez
Sonair,Brose,Flowers
Sonair,Nerita,Folkes
Sonair,Elva,Fortune
Sonair,Pammie,Gauford
Sonair,Vito,Gino
Sonair,Angelia,Glaisner
Sonair,Rana,Gon
Sonair,Jessika,Goodbairn
Sonair,Janith,Gorse
Sonair,Jolynn,Grigoliis
Sonair,Robinette,Grigolon
Sonair,Brittany,Guerrero
Sonair,Ardeen,Harston
Sonair,Roddie,Hayle
Sonair,Normand,Heck
Sonair,Bernardo,Hedylstone
Sonair,Peadar,Heinzler
Sonair,Brandon,Helkin
Sonair,Dredi,Hixley
Sonair,Gilles,Hoff
Sonair,Quentin,Hunstone
Sonair,Chet,Hurd
Sonair,Roderic,Iddons
Sonair,Gwynne,Inman
Sonair,Regan,Isaac
Sonair,Gayle,Jacobi
Sonair,Bab,Jasik
Sonair,Ervin,Jeskins
Sonair,Lilia,Kelso
Sonair,Cyndy,Kempston
Sonair,Kordula,Kennifeck
Sonair,Kenton,Kubu
Sonair,Jard,Lacelett
Sonair,Thelma,Larmour
Sonair,Roana,Le Estut
Sonair,Sydel,Leckenby
Sonair,Mariette,Lewendon
Sonair,Ollie,Lewisham
Sonair,Jenn,Lightbourne
Sonair,Sandy,Loakes
Sonair,Roxana,Loges
Sonair,Nicholle,Logie
Sonair,Deana,Loreit
Sonair,Gage,Lydiate
Sonair,Turner,Matisse
Sonair,Bria,McCahill
Sonair,D'arcy,McGaughie
Sonair,Mariann,McGowan
Sonair,Cliff,Mendez
Sonair,Carolus,Menichino
Sonair,Jo ann,Millberg
Sonair,Royall,Moncreiff
Sonair,Morley,Nekrews
Sonair,Catharina,Noods
Sonair,Padgett,Noonan
Sonair,Giorgio,O'Cassidy
Sonair,Emma,O'Lahy
Sonair,Lindsey,Ogborn
Sonair,Pierre,Papen
Sonair,Lucille,Pechold
Sonair,Katrinka,Pedroli
Sonair,Mindy,Pegden
Sonair,Lari,People
Sonair,Trever,Pighills
Sonair,Hillel,Pohls
Sonair,Lissi,Porcas
Sonair,Mathilde,Pristnor
Sonair,Kore,Rennox
Sonair,Anderea,Reppaport
Sonair,Marja,Ridgway
Sonair,Waring,Rolfs
Sonair,Hieronymus,Saltmarshe
Sonair,Al,Scarr
Sonair,Noreen,Seivertsen
Sonair,Ruth,Setterthwait
Sonair,Sadie,Singh
Sonair,Drugi,Sinyard
Sonair,Gordon,Skill
Sonair,Hesther,Skill
Sonair,Stormi,Snellman
Sonair,Marcelline,Soigne
Sonair,Janeta,Songist
Sonair,Julio,Spurdle
Sonair,Alma,Stang-Gjertsen
Sonair,Katinka,Stickins
Sonair,Jacqui,Stollenhof
Sonair,Winnifred,Thurlborn
Sonair,Ammamaria,Tremmel
Sonair,Sarina,Tylor
Sonair,Micaela,Village
Sonair,Derby,Vince
Sonair,Danell,Waplington
Sonair,Emmett,Weatherall
Sonair,Kathe,Whiffin
Sonair,Prudence,Whitwam
Sonair,Rafaellle,Wilmut
Sonair,Dorene,Windibank
Sonair,Sybil,Woodgate
Sonair,Lane,Wyeth
Sonair,Hamish,Yakovliv
Trippledex,Jacinta,Alldre
Trippledex,Laughton,Axten
Trippledex,Fran,Babbage
Trippledex,Faunie,Balassa
Trippledex,Xymenes,Bau
Trippledex,Adam,Baugham
Trippledex,Jolynn,Bertomeu
Trippledex,Claybourne,Billson
Trippledex,Candida,Bownas
Trippledex,Muffin,Boylan
Trippledex,Myrvyn,Breacher
Trippledex,Gram,Brimble
Trippledex,Jenelle,Bromehead
Trippledex,Marco,Brosenius
Trippledex,Cherianne,Burchill
Trippledex,Ransell,Cargo
Trippledex,Mehetabel,Cartmel
Trippledex,Radcliffe,Champagne
Trippledex,Hunfredo,Chevins
Trippledex,Derby,Clouter
Trippledex,Jack,Craine
Trippledex,Vinson,Cristoforetti
Trippledex,Claudell,Cuthbert
Trippledex,Shelbi,Danis
Trippledex,Selinda,Darko
Trippledex,Aubert,Dench
Trippledex,Shea,Drivers
Trippledex,Sadella,Duxfield
Trippledex,Jandy,Earland
Trippledex,Frederico,Fawdry
Trippledex,Moina,Fillon
Trippledex,Correna,Fortnon
Trippledex,Cortney,Frane
Trippledex,Dynah,Frow
Trippledex,Kassandra,Galgey
Trippledex,Joellen,Gerhardt
Trippledex,Abram,Giamo
Trippledex,Shaun,Gianulli
Trippledex,Mycah,Glass
Trippledex,Marlo,Glasscock
Trippledex,Marlo,Glentz
Trippledex,Howard,Gouge
Trippledex,Storm,Greader
Trippledex,Matilda,Gregan
Trippledex,Flory,Gurery
Trippledex,Cornelius,Hagger
Trippledex,Lishe,Haldin
Trippledex,Reade,Hause
Trippledex,Godard,Humphries
Trippledex,Thibaud,Hun
Trippledex,Sunny,Jocic
Trippledex,Galven,Jursch
Trippledex,Paolina,Kitcat
Trippledex,Ivette,Kitt
Trippledex,Knox,Littrick
Trippledex,Asher,MacClancey
Trippledex,Myrtia,Maffione
Trippledex,Cathie,Mallinar
Trippledex,Del,Manvelle
Trippledex,Luce,Maudlen
Trippledex,Sonnnie,Menichi
Trippledex,Buck,Milvarnie
Trippledex,Chrotoem,Muckart
Trippledex,Christophe,Nequest
Trippledex,Jamaal,Perview
Trippledex,Marcie,Preene
Trippledex,Jerrold,Puleston
Trippledex,Bern,Ralls
Trippledex,Emalee,Ricciardo
Trippledex,Angelita,Roma
Trippledex,Bil,Safell
Trippledex,Antonella,Schimke
Trippledex,Kylie,Simakov
Trippledex,Yalonda,Stodd
Trippledex,Chilton,Storah
Trippledex,Hyacinth,Sturney
Trippledex,Jaime,Suero
Trippledex,Ryan,Tuffrey
Trippledex,Penni,Varcoe
Trippledex,Gene,Vinten
Trippledex,Dene,Walrond
Trippledex,Jermayne,Winder
Trippledex,Cara,Woollons
Ventosanzap,Lalo,Abramamov
Ventosanzap,Lianna,Aizlewood
Ventosanzap,Harli,Areles
Ventosanzap,Ximenez,Baldrey
Ventosanzap,Holden,Basillon
Ventosanzap,Vasily,Bathoe
Ventosanzap,Lainey,Bautiste
Ventosanzap,Glory,Behnke
Ventosanzap,Rina,Bellard
Ventosanzap,Erin,Benard
Ventosanzap,Anatola,Bilofsky
Ventosanzap,Marchall,Blain
Ventosanzap,Hartley,Blaisdale
Ventosanzap,Aubry,Bland
Ventosanzap,Abagael,Blonden
Ventosanzap,Janella,Bollis
Ventosanzap,Vonni,Borchardt
Ventosanzap,Janet,Bradnum
Ventosanzap,Orella,Bramham
Ventosanzap,Richart,Brasher
Ventosanzap,Wolfgang,Caitlin
Ventosanzap,Boot,Capineer
Ventosanzap,Johanna,Castelletto
Ventosanzap,Lorant,Chaters
Ventosanzap,Debbi,Chetwin
Ventosanzap,Rockie,Clinnick
Ventosanzap,Marleah,Colebeck
Ventosanzap,Britt,Collingdon
Ventosanzap,Clarey,Collishaw
Ventosanzap,Georgiana,Coping
Ventosanzap,Efrem,Corbet
Ventosanzap,Sibyl,Cristoforetti
Ventosanzap,Rafaello,Crouse
Ventosanzap,Melita,Crutch
Ventosanzap,Theressa,Cuddehay
Ventosanzap,Agnella,Cullin
Ventosanzap,Lucilia,Curbishley
Ventosanzap,Lurline,Cuss
Ventosanzap,Clea,Darco
Ventosanzap,Bengt,De Simone
Ventosanzap,June,Deas
Ventosanzap,Myrtie,Dibble
Ventosanzap,Ash,Doggett
Ventosanzap,Matteo,Doley
Ventosanzap,Cassie,Dormer
Ventosanzap,Bobette,Dunlop
Ventosanzap,Tonie,Eckford
Ventosanzap,Lonnie,Fetherstonhaugh
Ventosanzap,Viki,Flamank
Ventosanzap,Ernestus,Fontin
Ventosanzap,Huntlee,Frissell
Ventosanzap,Vallie,Ganford
Ventosanzap,Burt,Gissop
Ventosanzap,Dalis,Glidden
Ventosanzap,Adriano,Gniewosz
Ventosanzap,Harvey,Gobel
Ventosanzap,Noll,Gonsalo
Ventosanzap,Bambie,Grise
Ventosanzap,Ursala,Guslon
Ventosanzap,Marlowe,Hacard
Ventosanzap,Paddie,Hallan
Ventosanzap,Meridel,Heale
Ventosanzap,Benedikta,Heaps
Ventosanzap,Merilee,Hedworth
Ventosanzap,Lloyd,Heinsen
Ventosanzap,Larina,Hellyer
Ventosanzap,Elsworth,Hirjak
Ventosanzap,Tabina,Hoofe
Ventosanzap,Jenna,Houlaghan
Ventosanzap,Carlo,Jakab
Ventosanzap,Rolfe,Jerg
Ventosanzap,Isadora,Kindon
Ventosanzap,Hanson,Kindred
Ventosanzap,Mozelle,Kirsche
Ventosanzap,Franky,Koppel
Ventosanzap,Cheston,Krug
Ventosanzap,Giorgi,Lasham
Ventosanzap,Madonna,Layton
Ventosanzap,Alfy,Lidgertwood
Ventosanzap,Emanuel,Lidstone
Ventosanzap,Debra,List
Ventosanzap,Klara,Londer
Ventosanzap,Shermie,Louedey
Ventosanzap,Job,Lyddyard
Ventosanzap,Raff,Lyptratt
Ventosanzap,Ira,MacIlhargy
Ventosanzap,Michel,Maitland
Ventosanzap,Elke,Mallabund
Ventosanzap,Xylia,Marsh
Ventosanzap,Crista,McGrane
Ventosanzap,Deerdre,McKinless
Ventosanzap,Kellsie,McNirlin
Ventosanzap,Alicea,McShirie
Ventosanzap,Bev,Mutch
Ventosanzap,Clifford,O'Farrell
Ventosanzap,Andee,O'Shaughnessy
Ventosanzap,Danella,Oldershaw
Ventosanzap,Robinson,Palatini
Ventosanzap,Natasha,Pook
Ventosanzap,Fleurette,Postgate
Ventosanzap,Maure,Prendergrast
Ventosanzap,Roberto,Prime
Ventosanzap,Antony,Prinne
Ventosanzap,Hadleigh,Purcell
Ventosanzap,Ogdon,Rabbitt
Ventosanzap,Herman,Reah
Ventosanzap,Inness,Rebert
Ventosanzap,Armand,Recher
Ventosanzap,Andrey,Rheubottom
Ventosanzap,Tedra,Ritchard
Ventosanzap,Quinton,Saggs
Ventosanzap,Drusi,Scanterbury
Ventosanzap,Maryellen,Schottli
Ventosanzap,Babb,Scutter
Ventosanzap,Sheryl,Shafto
Ventosanzap,Cort,Shobbrook
Ventosanzap,Deeann,Shulem
Ventosanzap,Ibbie,Slimmon
Ventosanzap,Leah,Spikeings
Ventosanzap,Malena,Sterley
Ventosanzap,Upton,Stockoe
Ventosanzap,Jerome,Stubs
Ventosanzap,Gustavus,Suero
Ventosanzap,Rudie,Swabey
Ventosanzap,Vallie,Thames
Ventosanzap,Hobart,Thistleton
Ventosanzap,Richard,Trice
Ventosanzap,Joya,Trowel
Ventosanzap,Birk,Tunnicliffe
Ventosanzap,Meyer,Twiddell
Ventosanzap,Emmott,Twort
Ventosanzap,Otha,Twycross
Ventosanzap,Krishna,Vasyaev
Ventosanzap,Cherry,Vidgen
Ventosanzap,Marchelle,Walrond
Ventosanzap,Addie,Warby
Ventosanzap,Andris,Wathen
Ventosanzap,Quinn,Weavers
Ventosanzap,Nev,Westhead
Ventosanzap,Kile,Wheatley
Ventosanzap,Tandie,Wittman
Ventosanzap,Monti,Worsley
Ventosanzap,Quent,Yurkov
